template_image,photo_image,left_x,top_y,right_x,bottom_y
template/test_template_000.png,photo/test_photo_000.png,1517,56,1524,63
template/test_template_000.png,photo/test_photo_000.png,1510,221,1526,233
template/test_template_000.png,photo/test_photo_000.png,1590,605,1621,635
template/test_template_000.png,photo/test_photo_000.png,1411,842,1442,872
template/test_template_000.png,photo/test_photo_000.png,48,1224,79,1255
template/test_template_000.png,photo/test_photo_000.png,732,1306,741,1315
template/test_template_001.png,photo/test_photo_001.png,2120,410,2159,448
template/test_template_001.png,photo/test_photo_001.png,334,1141,341,1147
template/test_template_001.png,photo/test_photo_001.png,725,2636,767,2676
template/test_template_001.png,photo/test_photo_001.png,1960,2652,2003,2691
template/test_template_001.png,photo/test_photo_001.png,514,2860,527,2873
template/test_template_002.png,photo/test_photo_002.png,313,205,320,211
template/test_template_002.png,photo/test_photo_002.png,866,279,893,303
template/test_template_002.png,photo/test_photo_002.png,1393,473,1406,486
template/test_template_002.png,photo/test_photo_002.png,739,712,768,727
template/test_template_002.png,photo/test_photo_002.png,653,1026,662,1035
template/test_template_002.png,photo/test_photo_002.png,1598,1198,1624,1220
template/test_template_002.png,photo/test_photo_002.png,982,1450,991,1457
template/test_template_002.png,photo/test_photo_002.png,612,1805,639,1829
template/test_template_003.png,photo/test_photo_003.png,979,917,988,926
template/test_template_003.png,photo/test_photo_003.png,336,930,358,949
template/test_template_003.png,photo/test_photo_003.png,373,965,380,972
template/test_template_003.png,photo/test_photo_003.png,913,984,936,1004
template/test_template_003.png,photo/test_photo_003.png,493,1151,506,1165
template/test_template_004.png,photo/test_photo_004.png,935,291,973,324
template/test_template_004.png,photo/test_photo_004.png,1262,418,1273,429
template/test_template_004.png,photo/test_photo_004.png,842,450,855,463
template/test_template_004.png,photo/test_photo_004.png,995,502,1003,511
template/test_template_004.png,photo/test_photo_004.png,709,1002,746,1037
template/test_template_004.png,photo/test_photo_004.png,848,1154,885,1187
template/test_template_004.png,photo/test_photo_004.png,942,1563,964,1581
template/test_template_004.png,photo/test_photo_004.png,1471,1814,1501,1846
template/test_template_004.png,photo/test_photo_004.png,517,1961,539,1968
template/test_template_004.png,photo/test_photo_004.png,1384,2193,1418,2229
template/test_template_005.png,photo/test_photo_005.png,129,490,164,535
template/test_template_005.png,photo/test_photo_005.png,511,628,522,639
template/test_template_005.png,photo/test_photo_005.png,300,785,310,797
template/test_template_005.png,photo/test_photo_005.png,476,1356,497,1376
template/test_template_005.png,photo/test_photo_005.png,788,1477,821,1516
template/test_template_005.png,photo/test_photo_005.png,238,1493,248,1504
template/test_template_005.png,photo/test_photo_005.png,955,1998,964,2007
template/test_template_005.png,photo/test_photo_005.png,976,2106,999,2127
template/test_template_006.png,photo/test_photo_006.png,709,490,737,514
template/test_template_006.png,photo/test_photo_006.png,41,835,54,848
template/test_template_006.png,photo/test_photo_006.png,422,1578,450,1603
template/test_template_007.png,photo/test_photo_007.png,1063,877,1100,910
template/test_template_007.png,photo/test_photo_007.png,294,902,333,936
template/test_template_007.png,photo/test_photo_007.png,678,923,689,934
template/test_template_007.png,photo/test_photo_007.png,506,940,544,973
template/test_template_007.png,photo/test_photo_007.png,1250,982,1288,997
template/test_template_007.png,photo/test_photo_007.png,240,1596,277,1629
template/test_template_007.png,photo/test_photo_007.png,444,1667,480,1700
template/test_template_008.png,photo/test_photo_008.png,123,405,151,431
template/test_template_008.png,photo/test_photo_008.png,929,614,954,631
template/test_template_008.png,photo/test_photo_008.png,605,1019,616,1030
template/test_template_008.png,photo/test_photo_008.png,103,1152,131,1180
template/test_template_008.png,photo/test_photo_008.png,52,1612,80,1639
template/test_template_008.png,photo/test_photo_008.png,208,1701,223,1723
template/test_template_008.png,photo/test_photo_008.png,39,2068,55,2082
template/test_template_009.png,photo/test_photo_009.png,1193,635,1218,656
template/test_template_009.png,photo/test_photo_009.png,50,870,73,892
template/test_template_009.png,photo/test_photo_009.png,945,1136,970,1155
template/test_template_009.png,photo/test_photo_009.png,1159,1692,1183,1713
template/test_template_009.png,photo/test_photo_009.png,927,1963,950,1984
template/test_template_009.png,photo/test_photo_009.png,678,1975,701,1998
template/test_template_010.png,photo/test_photo_010.png,78,403,108,427
template/test_template_010.png,photo/test_photo_010.png,1418,419,1425,426
template/test_template_010.png,photo/test_photo_010.png,923,1440,950,1464
template/test_template_010.png,photo/test_photo_010.png,1053,1943,1066,1956
template/test_template_010.png,photo/test_photo_010.png,335,1970,349,1998
template/test_template_010.png,photo/test_photo_010.png,554,2193,571,2208
template/test_template_010.png,photo/test_photo_010.png,779,2211,807,2235
template/test_template_011.png,photo/test_photo_011.png,1355,342,1375,357
template/test_template_011.png,photo/test_photo_011.png,330,371,356,392
template/test_template_011.png,photo/test_photo_011.png,344,591,382,619
template/test_template_011.png,photo/test_photo_011.png,132,1470,141,1479
template/test_template_011.png,photo/test_photo_011.png,1203,1657,1228,1680
template/test_template_011.png,photo/test_photo_011.png,1015,1665,1022,1672
template/test_template_011.png,photo/test_photo_011.png,1147,1669,1172,1690
template/test_template_011.png,photo/test_photo_011.png,706,1708,730,1730
template/test_template_011.png,photo/test_photo_011.png,1219,1840,1241,1862
template/test_template_012.png,photo/test_photo_012.png,452,0,489,43
template/test_template_012.png,photo/test_photo_012.png,338,470,363,496
template/test_template_012.png,photo/test_photo_012.png,969,758,978,774
template/test_template_012.png,photo/test_photo_012.png,128,892,155,926
template/test_template_012.png,photo/test_photo_012.png,976,1423,989,1440
template/test_template_012.png,photo/test_photo_012.png,685,1491,712,1514
template/test_template_012.png,photo/test_photo_012.png,1050,1688,1076,1711
template/test_template_013.png,photo/test_photo_013.png,846,190,871,212
template/test_template_013.png,photo/test_photo_013.png,406,706,430,727
template/test_template_013.png,photo/test_photo_013.png,857,995,882,1033
template/test_template_013.png,photo/test_photo_013.png,494,1560,518,1583
template/test_template_013.png,photo/test_photo_013.png,1126,1700,1150,1722
template/test_template_013.png,photo/test_photo_013.png,461,1741,484,1764
template/test_template_014.png,photo/test_photo_014.png,1298,133,1320,156
template/test_template_014.png,photo/test_photo_014.png,183,342,209,365
template/test_template_014.png,photo/test_photo_014.png,397,347,421,369
template/test_template_014.png,photo/test_photo_014.png,322,389,343,422
template/test_template_014.png,photo/test_photo_014.png,186,789,197,800
template/test_template_014.png,photo/test_photo_014.png,1388,1320,1414,1343
template/test_template_014.png,photo/test_photo_014.png,392,2143,416,2165
template/test_template_015.png,photo/test_photo_015.png,755,47,768,60
template/test_template_015.png,photo/test_photo_015.png,1405,872,1416,883
template/test_template_015.png,photo/test_photo_015.png,1417,1106,1441,1126
template/test_template_015.png,photo/test_photo_015.png,626,1415,637,1437
template/test_template_015.png,photo/test_photo_015.png,238,1439,260,1477
template/test_template_015.png,photo/test_photo_015.png,1520,1736,1544,1757
template/test_template_015.png,photo/test_photo_015.png,494,1748,518,1768
template/test_template_016.png,photo/test_photo_016.png,1388,1383,1420,1412
template/test_template_016.png,photo/test_photo_016.png,401,1791,412,1802
template/test_template_016.png,photo/test_photo_016.png,839,1936,871,1966
template/test_template_017.png,photo/test_photo_017.png,1334,72,1364,98
template/test_template_017.png,photo/test_photo_017.png,1483,223,1517,248
template/test_template_017.png,photo/test_photo_017.png,606,412,635,439
template/test_template_017.png,photo/test_photo_017.png,1309,450,1326,466
template/test_template_017.png,photo/test_photo_017.png,843,576,871,589
template/test_template_017.png,photo/test_photo_017.png,612,1027,623,1037
template/test_template_017.png,photo/test_photo_017.png,323,1324,336,1337
template/test_template_017.png,photo/test_photo_017.png,1582,1561,1597,1591
template/test_template_017.png,photo/test_photo_017.png,711,1663,741,1690
template/test_template_017.png,photo/test_photo_017.png,1092,1863,1130,1889
template/test_template_018.png,photo/test_photo_018.png,251,108,265,121
template/test_template_018.png,photo/test_photo_018.png,851,404,873,424
template/test_template_018.png,photo/test_photo_018.png,116,439,138,458
template/test_template_018.png,photo/test_photo_018.png,1146,439,1175,469
template/test_template_018.png,photo/test_photo_018.png,1012,576,1035,597
template/test_template_018.png,photo/test_photo_018.png,611,620,633,639
template/test_template_018.png,photo/test_photo_018.png,436,702,465,734
template/test_template_018.png,photo/test_photo_018.png,990,763,1013,784
template/test_template_018.png,photo/test_photo_018.png,685,1377,694,1386
template/test_template_018.png,photo/test_photo_018.png,677,1661,702,1695
template/test_template_019.png,photo/test_photo_019.png,1181,45,1188,51
template/test_template_019.png,photo/test_photo_019.png,1138,204,1168,231
template/test_template_019.png,photo/test_photo_019.png,317,338,341,351
template/test_template_019.png,photo/test_photo_019.png,1362,404,1390,432
template/test_template_019.png,photo/test_photo_019.png,72,847,101,873
template/test_template_019.png,photo/test_photo_019.png,1002,964,1029,990
template/test_template_019.png,photo/test_photo_019.png,290,985,302,1007
template/test_template_019.png,photo/test_photo_019.png,846,1010,876,1025
template/test_template_019.png,photo/test_photo_019.png,279,1289,296,1316
template/test_template_019.png,photo/test_photo_019.png,49,1666,58,1675
template/test_template_019.png,photo/test_photo_019.png,446,1891,476,1918
template/test_template_020.png,photo/test_photo_020.png,122,326,155,354
template/test_template_020.png,photo/test_photo_020.png,432,1213,461,1230
template/test_template_020.png,photo/test_photo_020.png,505,1440,537,1471
template/test_template_020.png,photo/test_photo_020.png,234,1459,257,1493
template/test_template_020.png,photo/test_photo_020.png,1288,1688,1320,1717
template/test_template_020.png,photo/test_photo_020.png,772,1729,805,1760
template/test_template_020.png,photo/test_photo_020.png,710,1977,743,2003
template/test_template_021.png,photo/test_photo_021.png,237,100,263,121
template/test_template_021.png,photo/test_photo_021.png,1334,190,1365,212
template/test_template_021.png,photo/test_photo_021.png,276,199,283,205
template/test_template_021.png,photo/test_photo_021.png,1296,369,1322,395
template/test_template_021.png,photo/test_photo_021.png,1492,438,1519,461
template/test_template_021.png,photo/test_photo_021.png,47,682,58,693
template/test_template_021.png,photo/test_photo_021.png,575,899,586,910
template/test_template_021.png,photo/test_photo_021.png,800,1580,809,1589
template/test_template_021.png,photo/test_photo_021.png,212,1735,230,1754
template/test_template_021.png,photo/test_photo_021.png,133,1767,146,1780
template/test_template_022.png,photo/test_photo_022.png,910,513,937,536
template/test_template_022.png,photo/test_photo_022.png,39,745,65,769
template/test_template_022.png,photo/test_photo_022.png,447,781,458,792
template/test_template_022.png,photo/test_photo_022.png,750,1318,776,1343
template/test_template_023.png,photo/test_photo_023.png,72,464,83,475
template/test_template_023.png,photo/test_photo_023.png,361,505,395,536
template/test_template_023.png,photo/test_photo_023.png,302,1837,336,1869
template/test_template_024.png,photo/test_photo_024.png,858,40,906,78
template/test_template_024.png,photo/test_photo_024.png,234,232,265,259
template/test_template_024.png,photo/test_photo_024.png,703,271,712,280
template/test_template_024.png,photo/test_photo_024.png,6,1033,46,1062
template/test_template_024.png,photo/test_photo_024.png,697,1184,717,1216
template/test_template_024.png,photo/test_photo_024.png,951,1500,983,1527
template/test_template_024.png,photo/test_photo_024.png,827,1901,843,1923
template/test_template_024.png,photo/test_photo_024.png,1633,1952,1662,1981
template/test_template_025.png,photo/test_photo_025.png,1121,1107,1147,1144
template/test_template_025.png,photo/test_photo_025.png,53,1130,74,1150
template/test_template_025.png,photo/test_photo_025.png,732,1489,755,1508
template/test_template_025.png,photo/test_photo_025.png,792,1727,799,1734
template/test_template_025.png,photo/test_photo_025.png,669,1898,692,1919
template/test_template_025.png,photo/test_photo_025.png,1079,1936,1101,1956
template/test_template_026.png,photo/test_photo_026.png,1446,198,1469,218
template/test_template_026.png,photo/test_photo_026.png,1345,562,1373,584
template/test_template_026.png,photo/test_photo_026.png,160,688,173,701
template/test_template_026.png,photo/test_photo_026.png,1407,692,1423,717
template/test_template_026.png,photo/test_photo_026.png,914,822,936,843
template/test_template_026.png,photo/test_photo_026.png,1813,995,1824,1006
template/test_template_026.png,photo/test_photo_026.png,844,1021,855,1032
template/test_template_026.png,photo/test_photo_026.png,822,1284,844,1304
template/test_template_027.png,photo/test_photo_027.png,272,456,288,469
template/test_template_027.png,photo/test_photo_027.png,1589,533,1602,546
template/test_template_027.png,photo/test_photo_027.png,1481,803,1500,821
template/test_template_027.png,photo/test_photo_027.png,1349,1092,1380,1110
template/test_template_027.png,photo/test_photo_027.png,596,1216,616,1236
template/test_template_028.png,photo/test_photo_028.png,1532,87,1552,104
template/test_template_028.png,photo/test_photo_028.png,23,318,36,331
template/test_template_028.png,photo/test_photo_028.png,1919,1086,1938,1105
template/test_template_028.png,photo/test_photo_028.png,658,1118,691,1132
template/test_template_028.png,photo/test_photo_028.png,331,1285,346,1319
template/test_template_028.png,photo/test_photo_028.png,1684,1374,1692,1383
template/test_template_029.png,photo/test_photo_029.png,1562,247,1585,267
template/test_template_029.png,photo/test_photo_029.png,1340,400,1353,413
template/test_template_029.png,photo/test_photo_029.png,1887,412,1910,432
template/test_template_029.png,photo/test_photo_029.png,1635,473,1655,500
template/test_template_029.png,photo/test_photo_029.png,745,1010,768,1030
template/test_template_029.png,photo/test_photo_029.png,1164,1035,1186,1050
template/test_template_029.png,photo/test_photo_029.png,1258,1076,1281,1097
template/test_template_030.png,photo/test_photo_030.png,2091,65,2098,71
template/test_template_030.png,photo/test_photo_030.png,330,197,343,217
template/test_template_030.png,photo/test_photo_030.png,979,381,1000,400
template/test_template_030.png,photo/test_photo_030.png,395,842,402,849
template/test_template_030.png,photo/test_photo_030.png,2045,929,2054,938
template/test_template_030.png,photo/test_photo_030.png,1655,1067,1672,1086
template/test_template_030.png,photo/test_photo_030.png,1278,1170,1299,1189
template/test_template_030.png,photo/test_photo_030.png,611,1237,633,1257
template/test_template_030.png,photo/test_photo_030.png,1632,1445,1653,1464
template/test_template_031.png,photo/test_photo_031.png,1743,82,1760,100
template/test_template_031.png,photo/test_photo_031.png,824,187,843,204
template/test_template_031.png,photo/test_photo_031.png,957,231,977,249
template/test_template_031.png,photo/test_photo_031.png,112,436,132,454
template/test_template_031.png,photo/test_photo_031.png,510,582,519,591
template/test_template_031.png,photo/test_photo_031.png,234,699,241,706
template/test_template_031.png,photo/test_photo_031.png,314,1049,325,1060
template/test_template_032.png,photo/test_photo_032.png,1313,73,1341,88
template/test_template_032.png,photo/test_photo_032.png,879,702,912,731
template/test_template_032.png,photo/test_photo_032.png,1372,1198,1404,1227
template/test_template_032.png,photo/test_photo_032.png,707,1393,742,1423
template/test_template_032.png,photo/test_photo_032.png,268,1778,299,1808
template/test_template_032.png,photo/test_photo_032.png,1244,2056,1264,2078
template/test_template_033.png,photo/test_photo_033.png,65,358,80,382
template/test_template_033.png,photo/test_photo_033.png,483,401,514,426
template/test_template_033.png,photo/test_photo_033.png,1314,884,1333,926
template/test_template_033.png,photo/test_photo_033.png,1089,1301,1114,1327
template/test_template_033.png,photo/test_photo_033.png,1264,1335,1294,1359
template/test_template_033.png,photo/test_photo_033.png,636,1494,645,1503
template/test_template_033.png,photo/test_photo_033.png,553,2010,581,2035
template/test_template_034.png,photo/test_photo_034.png,801,300,835,322
template/test_template_034.png,photo/test_photo_034.png,1022,358,1045,379
template/test_template_034.png,photo/test_photo_034.png,1074,412,1088,447
template/test_template_034.png,photo/test_photo_034.png,1208,649,1228,682
template/test_template_034.png,photo/test_photo_034.png,708,651,744,690
template/test_template_034.png,photo/test_photo_034.png,318,844,340,865
template/test_template_034.png,photo/test_photo_034.png,1470,1679,1477,1686
template/test_template_034.png,photo/test_photo_034.png,1177,2087,1184,2094
template/test_template_035.png,photo/test_photo_035.png,932,508,943,525
template/test_template_035.png,photo/test_photo_035.png,700,1058,707,1065
template/test_template_035.png,photo/test_photo_035.png,69,1300,92,1324
template/test_template_035.png,photo/test_photo_035.png,1171,1482,1197,1505
template/test_template_036.png,photo/test_photo_036.png,416,305,439,345
template/test_template_036.png,photo/test_photo_036.png,884,369,907,391
template/test_template_036.png,photo/test_photo_036.png,170,676,196,699
template/test_template_036.png,photo/test_photo_036.png,218,765,262,808
template/test_template_036.png,photo/test_photo_036.png,1089,1015,1113,1048
template/test_template_036.png,photo/test_photo_036.png,480,1874,487,1881
template/test_template_036.png,photo/test_photo_036.png,545,1950,558,1963
template/test_template_037.png,photo/test_photo_037.png,1517,440,1543,463
template/test_template_037.png,photo/test_photo_037.png,224,519,255,560
template/test_template_037.png,photo/test_photo_037.png,831,755,840,764
template/test_template_037.png,photo/test_photo_037.png,1482,1088,1508,1111
template/test_template_037.png,photo/test_photo_037.png,704,1246,731,1269
template/test_template_037.png,photo/test_photo_037.png,1182,1260,1200,1289
template/test_template_037.png,photo/test_photo_037.png,873,1372,887,1385
template/test_template_037.png,photo/test_photo_037.png,230,1570,247,1607
template/test_template_037.png,photo/test_photo_037.png,1199,2039,1225,2061
template/test_template_038.png,photo/test_photo_038.png,1304,83,1332,109
template/test_template_038.png,photo/test_photo_038.png,1328,528,1356,563
template/test_template_038.png,photo/test_photo_038.png,1492,746,1517,766
template/test_template_038.png,photo/test_photo_038.png,750,834,777,859
template/test_template_038.png,photo/test_photo_038.png,85,1037,113,1063
template/test_template_038.png,photo/test_photo_038.png,358,1604,388,1629
template/test_template_038.png,photo/test_photo_038.png,1174,1765,1212,1779
template/test_template_038.png,photo/test_photo_038.png,435,1949,464,1974
template/test_template_039.png,photo/test_photo_039.png,210,174,235,188
template/test_template_039.png,photo/test_photo_039.png,437,462,461,481
template/test_template_039.png,photo/test_photo_039.png,760,1012,784,1033
template/test_template_039.png,photo/test_photo_039.png,338,1055,347,1063
template/test_template_039.png,photo/test_photo_039.png,615,1989,638,2010
template/test_template_040.png,photo/test_photo_040.png,69,595,93,616
template/test_template_040.png,photo/test_photo_040.png,667,732,676,741
template/test_template_040.png,photo/test_photo_040.png,488,1089,499,1100
template/test_template_040.png,photo/test_photo_040.png,1128,1416,1154,1440
template/test_template_040.png,photo/test_photo_040.png,1318,1767,1344,1791
template/test_template_040.png,photo/test_photo_040.png,388,1917,415,1940
template/test_template_040.png,photo/test_photo_040.png,573,2102,607,2137
template/test_template_041.png,photo/test_photo_041.png,675,28,700,59
template/test_template_041.png,photo/test_photo_041.png,902,852,926,873
template/test_template_041.png,photo/test_photo_041.png,705,1468,718,1485
template/test_template_041.png,photo/test_photo_041.png,488,1543,513,1566
template/test_template_041.png,photo/test_photo_041.png,871,1543,897,1566
template/test_template_041.png,photo/test_photo_041.png,683,1613,708,1634
template/test_template_041.png,photo/test_photo_041.png,563,1641,586,1663
template/test_template_042.png,photo/test_photo_042.png,845,205,875,235
template/test_template_042.png,photo/test_photo_042.png,718,384,751,414
template/test_template_042.png,photo/test_photo_042.png,372,491,397,517
template/test_template_042.png,photo/test_photo_042.png,573,497,582,506
template/test_template_042.png,photo/test_photo_042.png,1487,673,1498,684
template/test_template_042.png,photo/test_photo_042.png,388,821,423,851
template/test_template_042.png,photo/test_photo_042.png,394,877,403,890
template/test_template_042.png,photo/test_photo_042.png,1404,1270,1433,1298
template/test_template_042.png,photo/test_photo_042.png,1141,1676,1154,1689
template/test_template_042.png,photo/test_photo_042.png,10,2094,41,2121
template/test_template_043.png,photo/test_photo_043.png,838,519,871,550
template/test_template_043.png,photo/test_photo_043.png,1421,624,1447,634
template/test_template_043.png,photo/test_photo_043.png,221,761,243,776
template/test_template_043.png,photo/test_photo_043.png,762,1147,796,1176
template/test_template_043.png,photo/test_photo_043.png,488,1211,504,1232
template/test_template_043.png,photo/test_photo_043.png,1190,1677,1223,1708
template/test_template_043.png,photo/test_photo_043.png,757,1841,776,1866
template/test_template_043.png,photo/test_photo_043.png,821,1857,853,1887
template/test_template_044.png,photo/test_photo_044.png,729,348,742,363
template/test_template_044.png,photo/test_photo_044.png,629,566,658,594
template/test_template_044.png,photo/test_photo_044.png,1151,1147,1180,1174
template/test_template_044.png,photo/test_photo_044.png,542,1229,572,1258
template/test_template_044.png,photo/test_photo_044.png,798,1669,829,1695
template/test_template_044.png,photo/test_photo_044.png,1128,1869,1157,1896
template/test_template_045.png,photo/test_photo_045.png,943,146,972,172
template/test_template_045.png,photo/test_photo_045.png,269,206,280,217
template/test_template_045.png,photo/test_photo_045.png,1283,766,1311,793
template/test_template_045.png,photo/test_photo_045.png,925,904,951,932
template/test_template_045.png,photo/test_photo_045.png,621,1073,650,1101
template/test_template_045.png,photo/test_photo_045.png,103,1320,132,1346
template/test_template_045.png,photo/test_photo_045.png,60,2212,69,2221
template/test_template_046.png,photo/test_photo_046.png,1342,20,1353,31
template/test_template_046.png,photo/test_photo_046.png,1507,206,1532,227
template/test_template_046.png,photo/test_photo_046.png,1148,1100,1173,1121
template/test_template_046.png,photo/test_photo_046.png,1403,1306,1428,1328
template/test_template_046.png,photo/test_photo_046.png,210,1442,244,1461
template/test_template_046.png,photo/test_photo_046.png,372,1718,395,1742
template/test_template_046.png,photo/test_photo_046.png,161,2083,185,2105
template/test_template_047.png,photo/test_photo_047.png,93,180,104,191
template/test_template_047.png,photo/test_photo_047.png,1491,977,1522,1004
template/test_template_047.png,photo/test_photo_047.png,758,1250,789,1277
template/test_template_047.png,photo/test_photo_047.png,491,1499,523,1527
template/test_template_047.png,photo/test_photo_047.png,654,1719,681,1746
template/test_template_047.png,photo/test_photo_047.png,32,1742,52,1785
template/test_template_047.png,photo/test_photo_047.png,474,1818,482,1827
template/test_template_048.png,photo/test_photo_048.png,363,45,391,56
template/test_template_048.png,photo/test_photo_048.png,361,1258,386,1280
template/test_template_048.png,photo/test_photo_048.png,1544,1259,1570,1281
template/test_template_049.png,photo/test_photo_049.png,1192,55,1231,82
template/test_template_049.png,photo/test_photo_049.png,264,610,290,631
template/test_template_049.png,photo/test_photo_049.png,1032,619,1058,640
template/test_template_049.png,photo/test_photo_049.png,802,1461,828,1483
template/test_template_049.png,photo/test_photo_049.png,575,1495,600,1517
template/test_template_049.png,photo/test_photo_049.png,758,1599,789,1657
template/test_template_050.png,photo/test_photo_050.png,402,430,426,465
template/test_template_050.png,photo/test_photo_050.png,1452,650,1465,663
template/test_template_050.png,photo/test_photo_050.png,526,836,557,863
template/test_template_050.png,photo/test_photo_050.png,421,1808,446,1820
template/test_template_050.png,photo/test_photo_050.png,90,1834,121,1863
template/test_template_050.png,photo/test_photo_050.png,730,1935,742,1959
template/test_template_051.png,photo/test_photo_051.png,1396,391,1409,404
template/test_template_051.png,photo/test_photo_051.png,181,423,203,462
template/test_template_051.png,photo/test_photo_051.png,72,1530,83,1541
template/test_template_051.png,photo/test_photo_051.png,252,1598,287,1612
template/test_template_051.png,photo/test_photo_051.png,149,1860,175,1883
template/test_template_051.png,photo/test_photo_051.png,891,2104,918,2128
template/test_template_051.png,photo/test_photo_051.png,1448,2107,1475,2130
template/test_template_051.png,photo/test_photo_051.png,804,2135,817,2148
template/test_template_052.png,photo/test_photo_052.png,684,0,719,32
template/test_template_052.png,photo/test_photo_052.png,1587,111,1600,125
template/test_template_052.png,photo/test_photo_052.png,1180,336,1196,351
template/test_template_052.png,photo/test_photo_052.png,620,532,630,539
template/test_template_052.png,photo/test_photo_052.png,1471,626,1484,642
template/test_template_052.png,photo/test_photo_052.png,1194,644,1203,652
template/test_template_052.png,photo/test_photo_052.png,1658,751,1671,765
template/test_template_052.png,photo/test_photo_052.png,1825,898,1863,925
template/test_template_053.png,photo/test_photo_053.png,870,501,904,533
template/test_template_053.png,photo/test_photo_053.png,1340,666,1351,677
template/test_template_053.png,photo/test_photo_053.png,1291,1183,1326,1214
template/test_template_053.png,photo/test_photo_053.png,1046,1189,1059,1202
template/test_template_053.png,photo/test_photo_053.png,212,1345,225,1358
template/test_template_053.png,photo/test_photo_053.png,1355,1396,1390,1426
template/test_template_054.png,photo/test_photo_054.png,416,409,441,431
template/test_template_054.png,photo/test_photo_054.png,494,701,519,723
template/test_template_054.png,photo/test_photo_054.png,28,1456,54,1479
template/test_template_054.png,photo/test_photo_054.png,800,1472,809,1481
template/test_template_055.png,photo/test_photo_055.png,694,199,718,221
template/test_template_055.png,photo/test_photo_055.png,1390,324,1398,331
template/test_template_055.png,photo/test_photo_055.png,72,677,97,699
template/test_template_055.png,photo/test_photo_055.png,612,1835,636,1857
template/test_template_055.png,photo/test_photo_055.png,909,2215,948,2261
template/test_template_056.png,photo/test_photo_056.png,404,345,411,351
template/test_template_056.png,photo/test_photo_056.png,1215,383,1226,402
template/test_template_056.png,photo/test_photo_056.png,1488,586,1510,607
template/test_template_056.png,photo/test_photo_056.png,337,738,360,761
template/test_template_056.png,photo/test_photo_056.png,77,1055,100,1075
template/test_template_056.png,photo/test_photo_056.png,1536,1181,1559,1201
template/test_template_056.png,photo/test_photo_056.png,1587,1717,1609,1738
template/test_template_056.png,photo/test_photo_056.png,1186,2102,1193,2109
template/test_template_057.png,photo/test_photo_057.png,743,442,756,456
template/test_template_057.png,photo/test_photo_057.png,1230,869,1258,894
template/test_template_057.png,photo/test_photo_057.png,1139,1657,1154,1689
template/test_template_057.png,photo/test_photo_057.png,481,1685,521,1702
template/test_template_057.png,photo/test_photo_057.png,272,1878,301,1903
template/test_template_057.png,photo/test_photo_057.png,492,1961,520,1997
template/test_template_057.png,photo/test_photo_057.png,819,2162,849,2188
template/test_template_058.png,photo/test_photo_058.png,873,637,899,660
template/test_template_058.png,photo/test_photo_058.png,1234,690,1260,713
template/test_template_058.png,photo/test_photo_058.png,83,1031,122,1071
template/test_template_058.png,photo/test_photo_058.png,844,1519,855,1529
template/test_template_058.png,photo/test_photo_058.png,908,1888,921,1901
template/test_template_058.png,photo/test_photo_058.png,852,1982,869,1994
template/test_template_059.png,photo/test_photo_059.png,776,38,783,45
template/test_template_059.png,photo/test_photo_059.png,115,216,144,244
template/test_template_059.png,photo/test_photo_059.png,1543,554,1552,563
template/test_template_059.png,photo/test_photo_059.png,1261,557,1292,584
template/test_template_059.png,photo/test_photo_059.png,1431,698,1462,726
template/test_template_059.png,photo/test_photo_059.png,364,978,395,1006
template/test_template_059.png,photo/test_photo_059.png,509,1177,516,1184
template/test_template_059.png,photo/test_photo_059.png,1262,1230,1295,1256
template/test_template_059.png,photo/test_photo_059.png,765,1902,778,1915
template/test_template_060.png,photo/test_photo_060.png,935,17,969,45
template/test_template_060.png,photo/test_photo_060.png,82,220,114,250
template/test_template_060.png,photo/test_photo_060.png,1394,461,1405,472
template/test_template_060.png,photo/test_photo_060.png,554,577,561,584
template/test_template_060.png,photo/test_photo_060.png,745,760,783,783
template/test_template_060.png,photo/test_photo_060.png,720,833,742,856
template/test_template_060.png,photo/test_photo_060.png,489,1425,521,1455
template/test_template_060.png,photo/test_photo_060.png,186,1627,218,1655
template/test_template_060.png,photo/test_photo_060.png,1088,1732,1120,1770
template/test_template_061.png,photo/test_photo_061.png,226,102,246,121
template/test_template_061.png,photo/test_photo_061.png,933,524,953,541
template/test_template_061.png,photo/test_photo_061.png,1138,582,1157,601
template/test_template_061.png,photo/test_photo_061.png,1102,828,1119,846
template/test_template_061.png,photo/test_photo_061.png,217,830,226,839
template/test_template_061.png,photo/test_photo_061.png,1924,1389,1943,1406
template/test_template_062.png,photo/test_photo_062.png,752,168,791,196
template/test_template_062.png,photo/test_photo_062.png,2530,222,2562,250
template/test_template_062.png,photo/test_photo_062.png,1644,503,1672,533
template/test_template_062.png,photo/test_photo_062.png,2301,606,2326,627
template/test_template_062.png,photo/test_photo_062.png,2193,756,2225,797
template/test_template_062.png,photo/test_photo_062.png,1098,1138,1121,1159
template/test_template_062.png,photo/test_photo_062.png,1989,1263,2013,1284
template/test_template_062.png,photo/test_photo_062.png,2198,1381,2219,1402
template/test_template_062.png,photo/test_photo_062.png,413,1406,437,1427
template/test_template_063.png,photo/test_photo_063.png,1765,229,1784,246
template/test_template_063.png,photo/test_photo_063.png,2439,632,2457,650
template/test_template_063.png,photo/test_photo_063.png,573,671,584,682
template/test_template_063.png,photo/test_photo_063.png,1473,852,1492,870
template/test_template_063.png,photo/test_photo_063.png,312,1133,331,1150
template/test_template_064.png,photo/test_photo_064.png,1819,277,1830,288
template/test_template_064.png,photo/test_photo_064.png,98,364,107,373
template/test_template_064.png,photo/test_photo_064.png,1062,1158,1081,1175
template/test_template_064.png,photo/test_photo_064.png,281,1291,294,1304
template/test_template_064.png,photo/test_photo_064.png,1069,1386,1088,1405
template/test_template_064.png,photo/test_photo_064.png,531,1417,550,1436
template/test_template_065.png,photo/test_photo_065.png,828,52,844,67
template/test_template_065.png,photo/test_photo_065.png,1563,148,1590,180
template/test_template_065.png,photo/test_photo_065.png,1208,570,1225,586
template/test_template_065.png,photo/test_photo_065.png,2002,808,2023,828
template/test_template_065.png,photo/test_photo_065.png,411,1362,422,1373
template/test_template_066.png,photo/test_photo_066.png,1236,226,1254,243
template/test_template_066.png,photo/test_photo_066.png,1805,425,1838,454
template/test_template_066.png,photo/test_photo_066.png,194,1017,214,1035
template/test_template_066.png,photo/test_photo_066.png,1080,1269,1099,1285
template/test_template_067.png,photo/test_photo_067.png,541,48,557,64
template/test_template_067.png,photo/test_photo_067.png,1383,69,1401,86
template/test_template_067.png,photo/test_photo_067.png,198,902,207,910
template/test_template_067.png,photo/test_photo_067.png,301,927,318,944
template/test_template_068.png,photo/test_photo_068.png,2112,32,2132,52
template/test_template_068.png,photo/test_photo_068.png,1196,617,1221,632
template/test_template_068.png,photo/test_photo_068.png,278,959,299,977
template/test_template_068.png,photo/test_photo_068.png,1814,1033,1847,1074
template/test_template_068.png,photo/test_photo_068.png,2108,1395,2136,1432
template/test_template_068.png,photo/test_photo_068.png,768,1427,779,1436
template/test_template_069.png,photo/test_photo_069.png,2353,15,2366,28
template/test_template_069.png,photo/test_photo_069.png,171,133,182,148
template/test_template_069.png,photo/test_photo_069.png,2027,304,2044,320
template/test_template_069.png,photo/test_photo_069.png,2357,852,2380,876
template/test_template_069.png,photo/test_photo_069.png,809,871,826,887
template/test_template_069.png,photo/test_photo_069.png,1537,988,1565,1024
template/test_template_069.png,photo/test_photo_069.png,397,1011,413,1027
template/test_template_070.png,photo/test_photo_070.png,799,322,836,364
template/test_template_070.png,photo/test_photo_070.png,2512,424,2534,444
template/test_template_070.png,photo/test_photo_070.png,2206,1034,2245,1058
template/test_template_070.png,photo/test_photo_070.png,811,1410,835,1431
template/test_template_071.png,photo/test_photo_071.png,1332,36,1344,49
template/test_template_071.png,photo/test_photo_071.png,701,276,724,296
template/test_template_071.png,photo/test_photo_071.png,59,344,70,355
template/test_template_071.png,photo/test_photo_071.png,1740,810,1747,817
template/test_template_071.png,photo/test_photo_071.png,438,904,465,945
template/test_template_071.png,photo/test_photo_071.png,1458,936,1471,949
template/test_template_071.png,photo/test_photo_071.png,1807,1334,1838,1376
template/test_template_071.png,photo/test_photo_071.png,1061,1373,1081,1392
template/test_template_072.png,photo/test_photo_072.png,1815,108,1829,121
template/test_template_072.png,photo/test_photo_072.png,1190,461,1204,475
template/test_template_072.png,photo/test_photo_072.png,575,470,588,484
template/test_template_072.png,photo/test_photo_072.png,1783,511,1796,526
template/test_template_072.png,photo/test_photo_072.png,629,721,643,735
template/test_template_072.png,photo/test_photo_072.png,1387,957,1400,970
template/test_template_072.png,photo/test_photo_072.png,1834,1017,1842,1024
template/test_template_073.png,photo/test_photo_073.png,146,29,157,40
template/test_template_073.png,photo/test_photo_073.png,2404,300,2425,318
template/test_template_073.png,photo/test_photo_073.png,1320,539,1340,559
template/test_template_073.png,photo/test_photo_073.png,1795,582,1815,601
template/test_template_073.png,photo/test_photo_073.png,623,778,633,789
template/test_template_073.png,photo/test_photo_073.png,1017,878,1038,896
template/test_template_074.png,photo/test_photo_074.png,979,230,1002,251
template/test_template_074.png,photo/test_photo_074.png,830,539,854,560
template/test_template_074.png,photo/test_photo_074.png,465,833,472,839
template/test_template_074.png,photo/test_photo_074.png,1128,1171,1151,1191
template/test_template_074.png,photo/test_photo_074.png,241,1279,263,1301
template/test_template_074.png,photo/test_photo_074.png,655,1662,664,1671
template/test_template_074.png,photo/test_photo_074.png,776,1704,799,1726
template/test_template_075.png,photo/test_photo_075.png,170,192,206,225
template/test_template_075.png,photo/test_photo_075.png,327,257,340,270
template/test_template_075.png,photo/test_photo_075.png,1335,702,1342,709
template/test_template_075.png,photo/test_photo_075.png,1009,802,1045,835
template/test_template_075.png,photo/test_photo_075.png,635,1656,673,1687
template/test_template_075.png,photo/test_photo_075.png,235,1714,277,1749
template/test_template_075.png,photo/test_photo_075.png,1364,2257,1373,2266
template/test_template_076.png,photo/test_photo_076.png,794,134,831,167
template/test_template_076.png,photo/test_photo_076.png,678,533,715,567
template/test_template_076.png,photo/test_photo_076.png,129,595,142,608
template/test_template_076.png,photo/test_photo_076.png,107,905,118,916
template/test_template_076.png,photo/test_photo_076.png,271,948,302,968
template/test_template_076.png,photo/test_photo_076.png,1113,1468,1122,1477
template/test_template_076.png,photo/test_photo_076.png,368,1619,376,1628
template/test_template_077.png,photo/test_photo_077.png,2582,383,2605,404
template/test_template_077.png,photo/test_photo_077.png,2090,736,2114,758
template/test_template_077.png,photo/test_photo_077.png,1666,851,1689,875
template/test_template_077.png,photo/test_photo_077.png,1139,1404,1149,1418
template/test_template_077.png,photo/test_photo_077.png,2763,1601,2789,1624
template/test_template_078.png,photo/test_photo_078.png,1459,1065,1489,1091
template/test_template_078.png,photo/test_photo_078.png,777,1364,791,1391
template/test_template_078.png,photo/test_photo_078.png,255,1747,283,1774
template/test_template_079.png,photo/test_photo_079.png,747,100,780,131
template/test_template_079.png,photo/test_photo_079.png,359,418,384,447
template/test_template_079.png,photo/test_photo_079.png,461,424,499,456
template/test_template_079.png,photo/test_photo_079.png,287,1091,322,1121
template/test_template_079.png,photo/test_photo_079.png,121,1422,130,1431
template/test_template_079.png,photo/test_photo_079.png,771,1518,780,1527
template/test_template_079.png,photo/test_photo_079.png,956,1625,963,1631
template/test_template_079.png,photo/test_photo_079.png,1587,1984,1608,2010
template/test_template_079.png,photo/test_photo_079.png,342,2169,355,2182
template/test_template_080.png,photo/test_photo_080.png,179,436,207,460
template/test_template_080.png,photo/test_photo_080.png,1600,1252,1616,1284
template/test_template_080.png,photo/test_photo_080.png,1174,1305,1186,1318
template/test_template_080.png,photo/test_photo_080.png,1569,1688,1597,1712
template/test_template_081.png,photo/test_photo_081.png,350,334,384,364
template/test_template_081.png,photo/test_photo_081.png,738,583,749,593
template/test_template_081.png,photo/test_photo_081.png,1128,784,1141,797
template/test_template_081.png,photo/test_photo_081.png,1477,977,1511,1006
template/test_template_081.png,photo/test_photo_081.png,1492,1058,1525,1087
template/test_template_081.png,photo/test_photo_081.png,157,1128,169,1135
template/test_template_081.png,photo/test_photo_081.png,311,1309,343,1345
template/test_template_081.png,photo/test_photo_081.png,691,1508,702,1519
template/test_template_081.png,photo/test_photo_081.png,1270,1640,1284,1655
template/test_template_081.png,photo/test_photo_081.png,804,1845,837,1876
template/test_template_081.png,photo/test_photo_081.png,111,1955,145,1984
template/test_template_082.png,photo/test_photo_082.png,1574,811,1606,841
template/test_template_082.png,photo/test_photo_082.png,1061,961,1070,970
template/test_template_082.png,photo/test_photo_082.png,1171,1360,1204,1390
template/test_template_082.png,photo/test_photo_082.png,1131,1429,1164,1458
template/test_template_082.png,photo/test_photo_082.png,1322,1578,1335,1591
template/test_template_082.png,photo/test_photo_082.png,1064,1640,1074,1650
template/test_template_083.png,photo/test_photo_083.png,961,431,977,456
template/test_template_083.png,photo/test_photo_083.png,1754,500,1773,518
template/test_template_083.png,photo/test_photo_083.png,143,806,161,819
template/test_template_083.png,photo/test_photo_083.png,162,1036,180,1055
template/test_template_083.png,photo/test_photo_083.png,653,1118,693,1148
template/test_template_084.png,photo/test_photo_084.png,1124,541,1159,572
template/test_template_084.png,photo/test_photo_084.png,1265,1034,1297,1071
template/test_template_084.png,photo/test_photo_084.png,679,1491,714,1522
template/test_template_084.png,photo/test_photo_084.png,408,1849,417,1858
template/test_template_085.png,photo/test_photo_085.png,939,716,978,744
template/test_template_085.png,photo/test_photo_085.png,1161,1192,1168,1199
template/test_template_085.png,photo/test_photo_085.png,459,2007,491,2036
template/test_template_085.png,photo/test_photo_085.png,1157,2041,1188,2069
template/test_template_086.png,photo/test_photo_086.png,1028,130,1060,149
template/test_template_086.png,photo/test_photo_086.png,640,364,675,382
template/test_template_086.png,photo/test_photo_086.png,1062,609,1085,635
template/test_template_086.png,photo/test_photo_086.png,1585,830,1592,837
template/test_template_086.png,photo/test_photo_086.png,167,968,203,1000
template/test_template_086.png,photo/test_photo_086.png,749,1012,760,1023
template/test_template_086.png,photo/test_photo_086.png,284,1220,320,1252
template/test_template_086.png,photo/test_photo_086.png,296,1472,334,1507
template/test_template_086.png,photo/test_photo_086.png,1236,2192,1273,2226
template/test_template_087.png,photo/test_photo_087.png,1113,31,1141,54
template/test_template_087.png,photo/test_photo_087.png,204,482,226,522
template/test_template_087.png,photo/test_photo_087.png,675,774,684,782
template/test_template_087.png,photo/test_photo_087.png,1101,811,1108,818
template/test_template_087.png,photo/test_photo_087.png,666,942,680,956
template/test_template_087.png,photo/test_photo_087.png,1358,1075,1394,1096
template/test_template_087.png,photo/test_photo_087.png,947,1431,979,1461
template/test_template_088.png,photo/test_photo_088.png,801,385,814,400
template/test_template_088.png,photo/test_photo_088.png,1559,644,1570,655
template/test_template_088.png,photo/test_photo_088.png,1618,1076,1657,1092
template/test_template_088.png,photo/test_photo_088.png,832,1086,869,1113
template/test_template_088.png,photo/test_photo_088.png,2003,1103,2016,1117
template/test_template_088.png,photo/test_photo_088.png,1776,1352,1805,1379
template/test_template_088.png,photo/test_photo_088.png,1464,1441,1494,1469
template/test_template_088.png,photo/test_photo_088.png,2305,1501,2341,1533
template/test_template_089.png,photo/test_photo_089.png,49,640,77,664
template/test_template_089.png,photo/test_photo_089.png,278,1008,294,1029
template/test_template_089.png,photo/test_photo_089.png,1002,1152,1032,1177
template/test_template_089.png,photo/test_photo_089.png,1001,1495,1029,1518
template/test_template_089.png,photo/test_photo_089.png,1112,1855,1140,1881
template/test_template_090.png,photo/test_photo_090.png,1464,217,1488,237
template/test_template_090.png,photo/test_photo_090.png,1347,705,1360,718
template/test_template_090.png,photo/test_photo_090.png,99,999,110,1010
template/test_template_090.png,photo/test_photo_090.png,288,1383,311,1404
template/test_template_090.png,photo/test_photo_090.png,605,1988,629,2009
template/test_template_091.png,photo/test_photo_091.png,281,19,314,48
template/test_template_091.png,photo/test_photo_091.png,683,274,717,304
template/test_template_091.png,photo/test_photo_091.png,1526,624,1539,637
template/test_template_091.png,photo/test_photo_091.png,320,710,352,739
template/test_template_091.png,photo/test_photo_091.png,212,1444,246,1473
template/test_template_091.png,photo/test_photo_091.png,869,1566,903,1595
template/test_template_091.png,photo/test_photo_091.png,1540,1919,1551,1930
template/test_template_091.png,photo/test_photo_091.png,1171,2082,1201,2102
template/test_template_092.png,photo/test_photo_092.png,398,277,441,302
template/test_template_092.png,photo/test_photo_092.png,583,679,619,711
template/test_template_092.png,photo/test_photo_092.png,560,883,567,889
template/test_template_092.png,photo/test_photo_092.png,470,1373,506,1407
template/test_template_092.png,photo/test_photo_092.png,909,1572,945,1603
template/test_template_092.png,photo/test_photo_092.png,26,1663,33,1670
template/test_template_092.png,photo/test_photo_092.png,297,1775,333,1806
template/test_template_092.png,photo/test_photo_092.png,505,2020,541,2054
template/test_template_093.png,photo/test_photo_093.png,534,376,543,385
template/test_template_093.png,photo/test_photo_093.png,1613,548,1622,557
template/test_template_093.png,photo/test_photo_093.png,1193,601,1226,611
template/test_template_093.png,photo/test_photo_093.png,350,1086,364,1102
template/test_template_093.png,photo/test_photo_093.png,715,1132,750,1163
template/test_template_093.png,photo/test_photo_093.png,82,1269,115,1299
template/test_template_093.png,photo/test_photo_093.png,947,1736,984,1773
template/test_template_093.png,photo/test_photo_093.png,1478,1747,1513,1777
template/test_template_093.png,photo/test_photo_093.png,1450,1858,1459,1867
template/test_template_094.png,photo/test_photo_094.png,2572,708,2594,726
template/test_template_094.png,photo/test_photo_094.png,1040,976,1060,995
template/test_template_094.png,photo/test_photo_094.png,1366,1027,1373,1033
template/test_template_094.png,photo/test_photo_094.png,627,1076,636,1085
template/test_template_094.png,photo/test_photo_094.png,618,1166,639,1184
template/test_template_094.png,photo/test_photo_094.png,361,1420,382,1437
template/test_template_095.png,photo/test_photo_095.png,1255,494,1280,517
template/test_template_095.png,photo/test_photo_095.png,605,531,612,538
template/test_template_095.png,photo/test_photo_095.png,1259,847,1281,872
template/test_template_095.png,photo/test_photo_095.png,1233,1436,1242,1445
template/test_template_095.png,photo/test_photo_095.png,1109,1625,1135,1648
template/test_template_095.png,photo/test_photo_095.png,1510,1851,1535,1873
template/test_template_095.png,photo/test_photo_095.png,387,1980,394,1987
template/test_template_096.png,photo/test_photo_096.png,649,37,672,59
template/test_template_096.png,photo/test_photo_096.png,913,419,922,428
template/test_template_096.png,photo/test_photo_096.png,929,685,955,709
template/test_template_096.png,photo/test_photo_096.png,1463,1314,1492,1337
template/test_template_096.png,photo/test_photo_096.png,482,1379,499,1405
template/test_template_096.png,photo/test_photo_096.png,125,1467,153,1491
template/test_template_096.png,photo/test_photo_096.png,169,2013,186,2042
template/test_template_097.png,photo/test_photo_097.png,616,320,645,345
template/test_template_097.png,photo/test_photo_097.png,599,941,631,975
template/test_template_097.png,photo/test_photo_097.png,365,994,381,1014
template/test_template_097.png,photo/test_photo_097.png,693,1186,723,1211
template/test_template_097.png,photo/test_photo_097.png,776,1219,783,1226
template/test_template_097.png,photo/test_photo_097.png,241,1648,250,1657
template/test_template_098.png,photo/test_photo_098.png,1193,977,1202,986
template/test_template_098.png,photo/test_photo_098.png,1170,1135,1203,1165
template/test_template_098.png,photo/test_photo_098.png,897,1452,930,1482
template/test_template_099.png,photo/test_photo_099.png,641,96,650,105
template/test_template_099.png,photo/test_photo_099.png,278,628,287,637
template/test_template_099.png,photo/test_photo_099.png,684,1052,720,1084
template/test_template_099.png,photo/test_photo_099.png,1070,1110,1091,1139
template/test_template_099.png,photo/test_photo_099.png,711,1258,746,1288
template/test_template_099.png,photo/test_photo_099.png,595,1448,631,1480
template/test_template_099.png,photo/test_photo_099.png,327,1790,363,1820
template/test_template_099.png,photo/test_photo_099.png,1034,2196,1041,2202
