RE Number,CP1,CP2,CP3,CP4,CP5,CP6,CP7,CP8,CP9,CP10,CP11,CP12,CP13,CP14,CP15,CP16,CP17,CP18,CP19,CP20,CP21,CP22,CP23,CP24,CP25,CP26,CP27,CP28,CP29,CP30,CP31,CP32,CP33,CP34,CP35,CP36,CP37,CP38,CP39,CP40,CP41
RE-WA-2021-0041,1,0,1,1,0,N/A,N/A,1,0,0,1,1,0,0,0,0,1,1,1,1,1,1,1,1,1,1,1,1,0,0,0,0,0,0,0,0,0,0,0,0,0
RE-NSW-2022-0187,0,0,0,0,0,N/A,N/A,1,0,0,1,1,0,0,0,0,1,0,0,1,1,0,1,1,1,1,0,0,0,0,0,0,0,0,0,0,0,0,0,0,0
RE-VIC-2020-0093,0,0,0,0,0,N/A,N/A,1,0,0,0,0,0,0,0,0,0,0,0,0,0,0,0,0,0,0,0,0,0,0,0,0,0,0,0,0,0,0,0,0,0
RE-SA-2023-0055,1,0,0,0,0,N/A,N/A,1,0,0,0,0,0,0,0,0,1,1,1,1,1,1,1,1,1,1,1,1,0,0,0,0,0,0,0,0,0,0,0,0,0
RE-QLD-2021-0112,1,0,0,1,0,N/A,N/A,1,0,0,1,1,0,0,0,0,1,1,1,1,1,1,1,1,1,1,1,1,0,0,0,0,0,0,0,0,0,0,0,0,0
RE-WA-2022-0204,1,0,0,0,0,N/A,N/A,1,0,0,0,0,0,0,0,0,0,0,0,0,0,0,0,0,0,0,0,0,0,0,0,0,0,0,0,0,0,0,0,0,0
RE-QLD-2020-0067,1,0,0,0,0,N/A,N/A,1,0,0,0,0,0,0,0,0,0,0,0,0,0,0,0,0,0,0,0,0,0,0,0,0,0,0,0,0,0,0,0,0,0
RE-SA-2021-0148,1,0,0,0,0,N/A,N/A,1,0,0,1,1,0,0,0,0,1,1,1,1,1,1,1,1,1,1,1,1,0,0,0,0,1,0,0,0,0,1,0,0,0
RE-NSW-2023-0031,1,0,1,1,1,N/A,N/A,1,0,0,0,0,0,0,0,0,0,0,0,0,0,0,0,0,0,0,0,0,0,0,0,0,0,0,0,0,0,0,0,0,0
RE-VIC-2022-0076,1,0,0,0,0,N/A,N/A,1,0,0,1,1,0,0,0,0,1,1,1,1,1,0,1,1,1,1,0,0,0,0,0,0,0,0,0,0,0,0,0,0,0
RE-WA-2021-0099,0,0,0,1,0,N/A,N/A,1,0,0,0,0,0,0,0,0,1,1,1,1,1,1,1,1,1,1,1,1,0,0,0,0,0,0,0,0,0,0,0,0,0
RE-SA-2020-0120,1,0,0,1,0,N/A,N/A,1,0,0,0,0,0,0,0,0,1,1,1,1,0,1,1,1,1,0,0,0,0,0,0,0,0,0,0,0,0,0,0,0,0
RE-QLD-2023-0044,0,0,0,0,0,N/A,N/A,1,0,0,1,1,0,0,0,0,1,1,1,1,1,1,1,1,1,1,1,1,0,0,0,0,0,0,0,0,0,0,0,0,0
RE-NSW-2021-0200,1,0,1,1,1,N/A,N/A,1,0,0,0,0,0,0,0,0,0,0,0,0,0,0,0,0,0,0,0,0,0,0,0,0,0,0,0,0,0,1,0,0,0
RE-VIC-2023-0011,1,0,0,1,0,N/A,N/A,1,0,0,1,1,0,0,0,0,1,1,1,0,0,1,1,1,0,0,0,0,0,0,0,0,0,0,0,0,0,0,0,0,0
RE-WA-2020-0155,1,0,0,1,0,N/A,N/A,1,0,0,1,1,0,0,1,1,1,1,1,1,1,1,1,1,1,1,1,1,0,0,0,0,0,0,0,0,0,0,0,0,0
RE-NSW-2022-0088,0,0,0,0,0,N/A,N/A,1,0,0,1,1,1,0,0,0,1,1,1,1,1,1,1,1,1,1,1,1,0,0,0,0,0,0,0,0,0,0,0,0,0
RE-SA-2022-0177,1,0,1,1,1,N/A,N/A,1,0,0,0,0,0,0,0,0,1,0,0,1,1,0,1,1,1,1,0,0,0,1,1,1,1,0,1,0,0,0,0,1,0
RE-NSW-2023-0066,1,0,1,1,1,N/A,N/A,1,0,0,1,1,0,0,0,0,1,0,0,1,1,1,1,1,1,1,0,0,0,1,1,1,1,0,1,0,0,1,0,1,0
RE-VIC-2021-0144,1,0,0,0,0,N/A,N/A,0,0,0,0,0,0,0,0,0,1,1,1,0,0,1,1,1,1,0,0,0,0,0,0,0,0,0,0,0,0,0,0,0,0
RE-QLD-2021-0178,0,0,0,0,0,N/A,N/A,1,0,0,0,0,0,0,0,0,0,0,0,0,0,0,0,0,0,0,0,0,0,1,1,0,1,0,1,1,0,1,0,1,0
RE-QLD-2022-0091,1,0,0,1,1,N/A,N/A,1,0,0,1,1,0,0,0,0,1,1,1,1,1,1,1,1,1,1,0,0,0,1,1,1,1,0,0,0,0,1,0,1,0
RE-NSW-2020-0144,1,0,1,1,1,N/A,N/A,1,0,0,0,0,0,0,0,0,1,1,1,1,1,1,1,1,1,1,0,0,0,0,0,0,0,0,0,0,0,0,0,0,0
RE-SA-2021-0066,1,0,0,1,0,N/A,N/A,1,0,0,1,1,0,0,0,0,1,1,1,1,1,1,1,1,1,1,0,0,0,0,0,0,0,0,0,0,0,0,0,0,0
RE-WA-2023-0018,1,1,1,1,1,N/A,N/A,1,0,0,1,1,0,0,0,0,1,1,1,1,1,1,1,1,1,1,1,1,0,1,1,1,1,0,0,0,0,1,0,1,0
RE-NSW-2022-0130,1,1,1,1,1,N/A,N/A,1,0,0,0,0,0,0,0,0,1,1,1,1,1,0,1,1,1,1,0,0,0,0,0,0,0,0,0,0,0,0,0,0,0
RE-WA-2021-0133,1,0,0,0,0,N/A,N/A,1,0,0,0,0,0,0,0,0,1,1,1,1,1,1,1,1,1,1,1,1,0,0,0,0,0,0,0,0,0,0,0,0,0
RE-SA-2023-0081,1,1,1,1,1,N/A,N/A,1,0,0,1,1,0,0,0,0,1,0,1,1,1,1,1,1,1,1,0,0,0,1,1,1,1,0,1,0,0,1,0,1,0
RE-NSW-2021-0099,1,0,0,0,0,N/A,N/A,1,0,0,1,1,0,0,0,0,1,1,1,1,1,1,1,1,1,1,0,0,0,0,0,0,0,0,0,0,0,0,0,0,0
RE-VIC-2022-0157,1,0,0,0,0,N/A,N/A,1,0,0,1,1,0,0,0,0,1,1,1,1,1,1,1,1,1,1,1,1,0,0,0,0,0,0,0,0,0,0,0,0,0
RE-WA-2022-0088,1,0,0,0,0,N/A,N/A,1,0,0,1,1,0,0,0,0,1,0,0,1,1,0,1,1,1,1,0,0,0,0,0,0,0,0,0,0,0,0,0,0,0
RE-SA-2021-0200,1,0,0,0,0,N/A,N/A,1,0,0,1,1,0,0,0,0,1,1,1,1,1,1,1,1,1,1,1,1,0,0,0,0,0,0,0,0,0,0,0,0,0
RE-QLD-2020-0199,0,0,0,1,0,N/A,N/A,1,0,0,0,0,0,0,0,0,1,1,1,1,1,1,1,1,1,1,1,1,0,1,1,1,1,0,1,0,0,1,0,1,0
RE-NSW-2022-0055,1,0,1,1,1,N/A,N/A,1,0,0,0,0,0,0,0,0,1,1,1,1,1,0,1,1,1,1,0,0,0,0,0,0,0,0,0,0,0,0,0,0,0
RE-WA-2021-0077,1,0,0,1,0,N/A,N/A,1,0,0,1,1,0,0,0,0,1,1,1,1,1,0,1,1,1,1,0,0,0,1,1,1,1,0,0,0,0,1,0,1,0
RE-WA-2020-0212,1,0,0,0,0,N/A,N/A,1,0,0,0,0,0,0,0,0,1,1,1,0,0,1,1,1,0,0,0,0,0,0,0,0,0,0,0,0,0,1,0,0,0
RE-WA-2022-0166,1,0,0,1,0,N/A,N/A,1,0,0,0,0,0,0,0,0,0,0,0,0,0,0,0,0,0,0,0,0,0,0,0,0,0,0,0,0,0,0,0,0,0
RE-NSW-2021-0177,1,0,0,0,0,N/A,N/A,1,0,0,0,0,0,0,0,0,1,0,0,1,0,1,0,0,0,0,0,0,0,0,0,0,1,0,0,0,0,1,0,0,0
RE-VIC-2020-0181,1,0,0,0,0,N/A,N/A,1,0,0,1,0,0,0,0,0,0,0,0,0,0,0,0,0,0,0,0,0,0,0,0,0,1,0,0,0,0,1,0,0,0
RE-NSW-2023-0088,1,0,0,0,0,N/A,N/A,1,0,0,1,1,0,0,0,0,1,1,1,0,0,1,1,1,1,0,0,0,0,0,1,0,1,1,0,0,0,1,0,0,0
RE-VIC-2021-0055,0,0,0,0,0,N/A,N/A,1,0,0,0,0,0,0,0,0,1,1,1,1,1,1,1,1,1,1,1,1,0,0,0,0,0,0,0,0,0,0,0,0,0
RE-NSW-2022-0044,1,0,0,1,1,N/A,N/A,1,0,0,0,0,0,0,0,0,1,1,1,1,1,0,1,1,1,1,1,1,0,0,0,0,0,0,0,0,0,0,0,0,0
RE-SA-2020-0090,0,0,0,0,0,N/A,N/A,1,0,0,0,0,0,0,0,0,0,0,0,0,0,0,0,0,0,0,0,0,0,0,0,0,0,0,0,0,0,0,0,0,0
RE-NSW-2021-0066,1,1,1,1,1,N/A,N/A,1,0,0,0,0,0,0,0,0,0,0,0,0,0,1,1,0,0,0,0,0,0,0,0,0,0,0,0,0,0,0,0,0,0
RE-WA-2023-0033,1,0,0,0,0,N/A,N/A,1,0,0,1,1,0,0,0,0,1,0,0,1,0,1,1,0,0,0,0,0,0,0,0,0,0,0,0,0,0,0,0,0,0
RE-QLD-2021-0144,1,0,0,1,0,N/A,N/A,1,0,0,0,0,0,0,0,0,0,0,0,0,0,0,0,0,0,0,0,0,0,1,1,1,1,1,1,0,0,1,0,1,0
RE-VIC-2022-0100,0,0,0,0,0,0,N/A,1,0,0,1,1,0,0,0,0,1,0,0,1,0,0,1,1,1,1,0,0,0,0,0,0,0,0,0,0,0,0,0,0,0
RE-NSW-2020-0177,1,0,0,0,0,N/A,N/A,1,0,0,1,1,0,0,0,0,1,0,1,1,1,1,0,1,1,1,0,0,0,0,0,0,0,0,0,0,0,0,0,0,0
RE-WA-2022-0144,0,0,1,1,1,0,N/A,1,0,0,0,0,0,0,0,0,1,0,0,1,1,1,1,1,1,1,0,0,0,0,0,0,0,0,0,0,0,0,0,0,0
RE-NSW-2021-0133,0,0,0,0,0,0,N/A,1,0,0,1,1,0,0,0,0,1,0,0,1,1,0,1,1,1,1,0,0,0,0,0,0,0,0,0,0,0,0,0,0,0
RE-QLD-2020-0133,0,0,1,1,1,1,0,0,0,0,0,0,0,0,0,0,1,1,1,1,1,1,1,1,1,1,1,1,0,0,0,0,0,0,0,0,0,0,0,0,0
RE-WA-2021-0199,1,1,1,1,1,N/A,N/A,0,0,0,0,0,0,0,0,0,1,0,1,1,1,1,1,1,1,1,0,0,0,0,0,0,0,0,0,0,0,0,0,0,0
RE-QLD-2022-0177,0,0,0,0,0,N/A,N/A,1,0,0,1,1,0,0,0,0,1,1,1,1,1,1,1,1,1,1,1,1,0,1,1,1,1,0,1,1,0,1,0,1,1
RE-SA-2021-0177,1,1,1,1,1,N/A,N/A,0,0,0,0,0,0,0,0,0,1,1,1,1,1,1,1,1,1,1,0,0,0,0,0,0,0,0,0,0,0,0,0,0,0
RE-WA-2020-0177,0,0,0,0,0,N/A,N/A,1,0,0,1,1,0,0,1,1,1,1,1,0,0,1,1,1,0,0,0,0,0,0,0,0,0,0,0,0,0,0,0,0,0
RE-QLD-2021-0055,0,0,0,0,0,N/A,N/A,1,0,0,1,1,0,0,0,0,1,1,1,1,1,1,1,1,1,1,1,1,0,0,0,0,0,0,0,0,0,0,0,0,0
RE-WA-2022-0055,1,0,0,1,0,N/A,N/A,1,0,0,1,1,0,0,0,0,1,1,1,1,1,1,1,1,1,1,0,0,0,0,0,0,0,0,0,0,0,0,0,0,0
RE-QLD-2023-0022,1,0,0,0,0,N/A,N/A,1,0,0,0,0,0,0,0,0,1,0,0,1,1,0,1,0,0,1,0,0,0,0,0,0,0,0,0,0,0,0,0,0,0
RE-NSW-2021-0044,1,0,1,1,1,N/A,N/A,1,0,0,0,0,0,0,0,0,0,0,0,0,0,0,0,0,0,0,0,0,0,0,0,0,0,0,0,0,0,0,0,0,0
RE-VIC-2022-0188,1,0,0,0,0,N/A,N/A,1,0,0,1,1,0,0,0,0,1,1,1,1,1,1,1,1,1,1,1,1,0,0,0,0,0,0,0,0,0,0,0,0,0
RE-WA-2021-0244,1,0,0,0,0,N/A,N/A,1,0,0,1,1,0,0,0,0,1,0,0,1,1,1,1,1,1,1,0,0,0,1,1,1,1,0,1,1,0,1,0,1,1
RE-NSW-2022-0022,1,0,0,0,0,N/A,N/A,1,0,0,0,0,0,0,0,0,1,1,1,1,1,1,1,1,1,1,1,1,0,0,0,0,0,0,0,0,0,0,0,0,0
RE-SA-2020-0155,1,0,0,0,0,N/A,N/A,1,0,0,0,0,0,0,0,0,1,0,0,1,1,1,1,1,1,1,0,0,0,0,0,0,0,0,0,0,0,0,0,0,0
RE-SA-2022-0033,1,0,1,1,1,N/A,N/A,1,0,0,1,1,0,0,0,0,1,1,1,1,1,1,1,1,1,1,1,1,0,0,0,0,0,0,0,0,0,0,0,0,0
RE-NSW-2021-0222,1,0,1,1,1,N/A,N/A,1,0,0,0,0,0,0,0,0,1,1,1,1,1,1,1,1,1,1,1,1,0,0,0,0,0,0,0,0,0,0,0,0,0
RE-WA-2020-0099,0,0,0,0,0,0,0,0,0,0,0,0,0,0,0,0,0,0,0,0,0,0,0,0,0,0,0,0,0,0,0,0,0,0,0,0,0,0,0,0,0
RE-NSW-2022-0166,0,0,1,1,1,0,0,1,0,0,0,0,0,0,0,0,0,0,0,0,0,0,0,0,0,0,0,0,0,0,0,0,0,0,0,0,0,0,0,0,0
RE-VIC-2021-0188,0,0,0,1,1,N/A,N/A,1,0,0,1,1,0,0,0,0,1,0,1,1,1,1,1,1,1,1,0,0,0,1,1,1,1,0,1,0,0,1,0,1,0
RE-NSW-2020-0211,0,0,0,0,0,0,0,0,0,0,0,0,0,0,0,0,1,1,1,1,0,1,1,1,1,1,0,0,0,0,0,0,0,0,0,0,0,0,0,0,0
RE-SA-2022-0066,0,0,0,0,0,0,0,0,0,0,0,0,0,0,0,0,1,1,1,1,1,1,1,1,1,1,1,1,0,0,0,0,0,0,0,0,0,0,0,0,0
RE-WA-2022-0211,0,0,0,0,0,N/A,N/A,0,0,0,0,0,0,0,0,0,0,0,0,0,0,0,0,0,0,0,0,0,0,0,0,0,0,0,0,0,0,0,0,0,0
RE-WA-2021-0166,1,0,1,1,1,N/A,N/A,1,0,0,1,1,0,0,N/A,N/A,1,1,1,0,0,1,1,1,0,0,0,0,0,1,1,1,1,1,1,0,0,1,0,1,0
RE-NSW-2022-0199,1,1,1,1,1,N/A,N/A,1,0,0,1,1,0,0,0,0,1,1,1,1,1,1,1,1,1,1,1,1,0,0,0,0,0,0,0,0,0,0,0,0,0
RE-NSW-2020-0088,0,0,0,0,0,N/A,N/A,1,0,0,0,0,0,0,0,0,1,0,0,1,0,0,1,1,1,1,0,0,0,0,0,0,1,0,0,0,0,0,0,0,0
RE-WA-2023-0055,1,1,1,1,1,N/A,N/A,1,0,0,1,1,0,0,0,0,1,0,0,1,0,1,1,1,1,1,0,0,0,0,0,0,0,0,0,0,0,0,0,0,0
RE-TAS-2023-0014,1,0,0,0,0,N/A,N/A,1,0,0,1,1,0,0,0,0,1,0,1,1,1,1,1,1,1,1,0,0,0,0,0,0,0,0,0,0,0,0,0,0,0
RE-NT-2022-0008,1,0,0,0,0,N/A,N/A,1,0,0,1,1,0,0,0,0,1,1,1,1,1,1,1,1,1,1,0,0,0,0,0,0,0,0,0,0,0,0,0,0,0
RE-WA-2021-0300,1,0,0,1,0,N/A,N/A,1,0,0,1,1,0,0,0,0,1,1,1,1,1,1,1,1,1,1,0,0,0,0,0,0,0,0,0,0,0,1,0,0,0
RE-VIC-2023-0055,1,0,0,1,0,N/A,N/A,1,0,0,1,0,0,0,0,0,1,1,1,1,1,1,1,1,1,1,0,0,0,0,0,0,0,0,0,0,0,0,0,0,0
RE-QLD-2022-0077,1,0,0,1,0,N/A,N/A,1,0,0,1,0,0,0,N/A,N/A,1,0,1,1,1,1,1,1,1,N/A,0,0,0,0,0,0,0,0,0,0,0,0,0,0,N/A
RE-SA-2024-0003,1,0,1,1,1,N/A,N/A,1,0,0,0,0,0,0,0,0,1,1,1,1,1,0,1,1,1,1,0,0,0,0,0,0,0,0,0,0,0,0,0,0,0
RE-NSW-2022-0111,1,0,0,0,0,N/A,N/A,1,0,0,0,0,0,0,0,0,0,0,0,1,0,0,0,0,0,1,0,0,0,0,0,0,0,0,0,0,0,0,0,0,0
RE-WA-2021-0188,0,0,0,0,0,N/A,N/A,1,0,0,0,0,0,0,0,0,0,0,0,0,0,0,0,0,0,0,0,0,0,0,0,0,1,0,0,0,0,1,0,0,0
RE-QLD-2023-0033,1,0,0,0,0,N/A,N/A,1,0,0,1,1,0,0,0,0,1,0,1,1,1,1,1,1,1,1,0,0,0,0,0,0,0,0,0,0,0,0,0,0,0
RE-NSW-2022-0155,1,0,0,1,0,N/A,N/A,1,0,0,1,1,0,0,0,0,1,1,1,1,0,0,1,1,1,0,0,0,0,0,0,0,1,0,0,0,0,0,0,0,0
RE-TAS-2021-0006,1,0,0,0,0,N/A,N/A,1,0,0,0,0,0,0,0,0,1,1,1,1,1,1,1,1,1,1,0,0,0,0,0,0,0,0,0,0,0,0,0,0,0
RE-WA-2023-0044,0,0,0,0,0,N/A,N/A,1,0,0,1,1,0,0,0,0,0,0,0,0,0,0,0,0,0,0,0,0,0,0,0,0,0,0,0,0,0,0,0,0,0
RE-VIC-2022-0122,1,0,0,0,0,N/A,N/A,1,0,0,1,1,0,0,0,0,1,1,1,1,1,1,0,1,1,1,0,0,0,0,0,0,0,0,0,0,0,0,0,0,0
RE-SA-2021-0222,1,0,1,1,0,N/A,N/A,1,0,0,1,1,0,0,0,0,1,1,1,1,1,1,1,1,1,1,1,1,0,0,0,0,0,0,0,0,0,0,0,0,0
RE-NSW-2023-0044,0,0,0,0,0,N/A,N/A,1,0,0,1,1,1,0,0,0,1,1,1,1,1,0,1,1,1,1,1,1,0,0,0,0,0,0,0,0,0,0,0,0,0
RE-QLD-2021-0200,0,0,0,0,0,0,N/A,1,0,0,1,1,0,0,0,0,0,0,0,1,1,1,1,0,0,1,0,0,0,0,0,0,0,0,0,0,0,0,0,0,0
RE-NSW-2020-0033,1,0,0,1,0,N/A,N/A,1,0,0,1,1,0,0,0,0,1,1,1,1,1,1,1,1,1,1,1,1,0,0,0,0,0,0,0,0,0,1,0,0,0
RE-QLD-2023-0011,0,0,0,0,0,N/A,N/A,1,0,0,1,1,0,0,0,0,0,0,0,1,1,1,1,0,0,1,0,0,0,1,1,1,1,0,1,1,0,1,0,1,0
RE-VIC-2022-0044,1,0,0,1,1,N/A,N/A,1,0,0,0,0,0,0,0,0,0,0,0,0,0,0,0,0,0,0,0,0,0,0,0,0,0,0,0,0,0,0,0,0,0
RE-NSW-2023-0055,1,0,0,0,0,N/A,N/A,1,0,0,1,0,0,0,0,0,1,1,0,0,0,1,1,0,0,0,0,0,0,0,0,0,0,0,0,0,0,0,0,0,0
RE-WA-2022-0177,1,1,1,1,1,1,N/A,1,0,0,1,1,0,0,0,0,1,1,1,1,0,1,1,1,1,1,0,0,0,0,0,0,1,0,0,0,0,1,0,0,0
RE-VIC-2021-0099,0,0,0,0,0,N/A,N/A,1,0,0,1,1,0,0,1,1,1,1,1,1,1,0,1,1,1,1,0,0,0,0,0,0,0,0,0,0,0,0,0,0,0
RE-QLD-2022-0144,1,0,1,1,1,N/A,N/A,1,0,0,0,0,0,0,0,0,1,1,1,1,1,0,0,1,1,1,0,0,0,0,0,0,0,0,0,0,0,0,0,0,0
RE-WA-2020-0188,1,1,1,1,1,0,0,1,0,0,1,1,0,0,0,0,1,1,1,1,1,1,1,1,1,1,1,1,0,0,0,0,0,0,0,0,0,0,0,0,0
RE-WA-2021-0077,0,0,0,0,0,0,0,0,0,0,0,0,0,0,0,0,1,1,1,0,0,0,1,1,0,0,0,0,0,0,0,0,1,0,0,0,0,0,0,0,0
