1,WhatsApp_video
2,GoogleMeet_video
3,Discord_video
4,GoogleMeet_video
5,Discord_voice
6,Discord_video
7,Discord_voice
8,Discord_video
9,GoogleMeet_video
10,Discord_voice
11,Messenger_voice
12,Messenger_voice
13,Messenger_voice
14,Discord_video
15,Messenger_video
16,Discord_video
17,Zoom_voice
18,Messenger_video
19,WhatsApp_voice
20,GoogleMeet_video
21,GoogleMeet_video
22,Discord_voice
23,WhatsApp_voice
24,Messenger_voice
25,Messenger_video
26,WhatsApp_video
27,WhatsApp_video
28,Discord_video
29,Discord_voice
30,Messenger_video
31,Discord_voice
32,Messenger_video
33,Zoom_voice
34,Discord_video
35,Discord_voice
36,Zoom_voice
37,Discord_voice
38,Discord_video
39,Zoom_video
40,Messenger_video
41,Zoom_video
42,Discord_video
43,Messenger_video
44,Messenger_video
45,Discord_video
46,Discord_voice
47,Messenger_video
48,Messenger_video
49,Discord_voice
50,Zoom_voice
51,Discord_video
52,WhatsApp_video
53,Zoom_video
54,Discord_voice
55,WhatsApp_voice
56,Discord_video
57,Discord_voice
58,Messenger_video
59,Zoom_video
60,Discord_video
61,Discord_voice
62,Zoom_voice
63,Zoom_voice
64,Discord_video
65,Messenger_video
66,Discord_video
67,Discord_video
68,Messenger_voice
69,Messenger_voice
70,Messenger_video
71,Messenger_voice
72,GoogleMeet_video
73,Discord_voice
74,Zoom_video
75,WhatsApp_video
76,GoogleMeet_video
77,GoogleMeet_video
78,Discord_voice
79,GoogleMeet_video
80,Zoom_voice
81,Zoom_voice
82,Discord_voice
83,WhatsApp_voice
84,Messenger_video
85,Zoom_voice
86,Discord_video
87,GoogleMeet_video
88,Discord_video
89,Discord_video
90,GoogleMeet_voice
91,WhatsApp_video
92,Zoom_video
93,GoogleMeet_video
94,GoogleMeet_video
95,Discord_voice
96,Messenger_video
97,Messenger_video
98,WhatsApp_voice
99,Zoom_video
100,WhatsApp_video
101,Zoom_voice
102,WhatsApp_video
103,Discord_video
104,Zoom_video
105,Discord_video
106,Zoom_video
107,Zoom_voice
108,Zoom_voice
109,Discord_voice
110,Messenger_video
111,Discord_voice
112,Discord_voice
113,Messenger_video
114,Discord_voice
115,Zoom_video
116,Discord_voice
117,Messenger_voice
118,Zoom_voice
119,Zoom_voice
120,Discord_video
121,Discord_video
122,Messenger_voice
123,Zoom_video
124,WhatsApp_voice
125,Discord_voice
126,Messenger_voice
127,Messenger_voice
128,GoogleMeet_video
129,Discord_video
130,WhatsApp_video
131,Messenger_voice
132,GoogleMeet_video
133,Discord_video
134,Discord_voice
135,Discord_video
136,Zoom_voice
137,Discord_voice
138,Discord_voice
139,Discord_video
140,Discord_video
141,GoogleMeet_video
142,Discord_voice
143,WhatsApp_voice
144,Zoom_voice
145,WhatsApp_video
146,WhatsApp_video
147,Messenger_video
148,Messenger_video
149,Messenger_voice
150,Zoom_voice
151,Zoom_video
152,Discord_voice
153,Zoom_video
154,Discord_voice
155,WhatsApp_video
156,WhatsApp_voice
157,Zoom_video
158,Discord_video
159,Discord_voice
160,Zoom_video
161,WhatsApp_video
162,WhatsApp_voice
163,WhatsApp_video
164,Discord_voice
165,WhatsApp_voice
166,Zoom_video
167,Discord_video
168,Zoom_video
169,Zoom_video
170,GoogleMeet_video
171,Zoom_video
172,GoogleMeet_video
173,WhatsApp_video
174,Zoom_video
175,WhatsApp_voice
176,Discord_voice
177,GoogleMeet_voice
178,Discord_video
179,Zoom_voice
180,Discord_voice
181,Discord_voice
182,GoogleMeet_voice
183,WhatsApp_video
184,Zoom_voice
185,Messenger_video
186,Discord_voice
187,Discord_video
188,WhatsApp_voice
189,Zoom_voice
190,Zoom_voice
191,Discord_video
192,Zoom_voice
193,Discord_voice
194,WhatsApp_voice
195,Discord_video
196,GoogleMeet_video
197,Messenger_voice
198,Messenger_voice
199,Discord_voice
200,Discord_video
201,GoogleMeet_video
202,WhatsApp_voice
203,Messenger_voice
204,Discord_voice
205,Zoom_video
206,GoogleMeet_voice
207,WhatsApp_video
208,Zoom_voice
209,Discord_voice
210,Discord_voice
211,Messenger_voice
212,Discord_video
213,Discord_video
214,GoogleMeet_voice
215,GoogleMeet_video
216,Discord_voice
217,Discord_video
218,GoogleMeet_video
219,Zoom_video
220,Zoom_voice
221,Zoom_voice
222,Messenger_voice
223,GoogleMeet_voice
224,Zoom_voice
225,Discord_voice
226,Zoom_video
227,Discord_video
228,Zoom_voice
229,WhatsApp_video
230,Messenger_voice
231,Messenger_voice
232,Zoom_video
233,WhatsApp_video
234,Discord_voice
235,WhatsApp_video
236,Messenger_voice
237,Messenger_video
238,GoogleMeet_voice
239,GoogleMeet_video
240,Zoom_video
241,Messenger_video
242,Zoom_video
243,Zoom_voice
244,Zoom_voice
245,Messenger_video
246,Discord_video
247,Messenger_video
248,WhatsApp_voice
249,Discord_voice
250,Discord_video
251,Discord_voice
252,Messenger_video
253,Zoom_voice
254,Zoom_video
255,Discord_video
256,Messenger_video
257,Zoom_video
258,GoogleMeet_voice
259,Zoom_video
260,Discord_voice
261,Messenger_video
262,Discord_video
263,GoogleMeet_video
264,GoogleMeet_voice
265,Messenger_video
266,GoogleMeet_video
267,Discord_voice
268,Zoom_voice
269,WhatsApp_voice
270,Discord_video
271,Messenger_video
272,Discord_video
273,Messenger_voice
274,Zoom_video
275,Discord_voice
276,GoogleMeet_video
277,Discord_voice
278,Zoom_video
279,Zoom_voice
280,Zoom_voice
281,Discord_video
282,Zoom_video
283,WhatsApp_voice
284,Zoom_voice
285,GoogleMeet_video
286,Discord_video
287,Discord_voice
288,Discord_voice
289,Discord_video
290,Discord_video
291,Messenger_voice
292,Messenger_video
293,WhatsApp_video
294,Discord_video
295,Messenger_video
296,Zoom_voice
297,Discord_voice
298,Discord_video
299,GoogleMeet_voice
300,Discord_voice
301,GoogleMeet_voice
302,Zoom_voice
303,Zoom_voice
304,Zoom_voice
305,Messenger_voice
306,WhatsApp_video
307,Discord_video
308,Discord_video
309,Discord_voice
310,Discord_voice
311,Zoom_voice
312,Zoom_video
313,Zoom_video
314,Discord_voice
315,WhatsApp_voice
316,Messenger_video
317,Discord_voice
318,WhatsApp_voice
319,Messenger_video
320,Discord_voice
321,Discord_video
322,Zoom_voice
323,Messenger_voice
324,Messenger_video
325,Discord_video
326,Messenger_video
327,Zoom_voice
